CREATE DATABASE IF NOT EXISTS clubcurator;
USE clubcurator;

DROP TABLE IF EXISTS `events`;
CREATE TABLE `events` (
  `name` text NOT NULL,
  `society` text NOT NULL
) ENGINE=InnoDB DEFAULT CHARSET=latin1;

INSERT INTO `events` VALUES ('2013s2wk13sunsetjazz','556883');

DROP TABLE IF EXISTS `events_members`;
CREATE TABLE `events_members` (
  `event` text NOT NULL,
  `user` text NOT NULL,
  `time` text
) ENGINE=InnoDB DEFAULT CHARSET=latin1;

INSERT INTO `events_members` VALUES ('2013s2wk13sunsetjazz','9000000823068','1383098478'),('2013s2wk13sunsetjazz','9000000737624','1383107507'),('2013s2wk13sunsetjazz','9000000737853','1383107545'),('2013s2wk13sunsetjazz','9000000819283','1383113377'),('2013s2wk13sunsetjazz','9000000732001','1383116475'),('2013s2wk13sunsetjazz','9000000825864','1383116501'),('2013s2wk13sunsetjazz','9000000822733','1383117057'),('2013s2wk13sunsetjazz','9000000857742','1383117254'),('2013s2wk13sunsetjazz','9000000912014','1383117299'),('2013s2wk13sunsetjazz','9000000962583','1383117317'),('2013s2wk13sunsetjazz','9000000773844','1383119383'),('2013s2wk13sunsetjazz','9000000824737','1383119413'),('2013s2wk13sunsetjazz','9000000779235','1383119431'),('2013s2wk13sunsetjazz','9000000712843','1383121502'),('2013s2wk13sunsetjazz','9000000909977','1383121557'),('2013s2wk13sunsetjazz','9000000824959','1383121566'),('2013s2wk13sunsetjazz','9000000978560','1383121652'),('2013s2wk13sunsetjazz','9000000743588','1383121903'),('2013s2wk13sunsetjazz','9000000996113','1383121941'),('2013s2wk13sunsetjazz','9000000987500','1383122223'),('2013s2wk13sunsetjazz','9000000818798','1383123008'),('2013s2wk13sunsetjazz','9000000722309','1383123773'),('2013s2wk13sunsetjazz','9000000863835','1383126149'),('2013s2wk13sunsetjazz','9000000864764','1383127514'),('2013s2wk13sunsetjazz','9000000823921','1383129667'),('2013s2wk13sunsetjazz','9000000913516','1383179232'),('2013s2wk13sunsetjazz','9000000810969','1383213233'),('2013s2wk13sunsetjazz','9000000814417','1383617350'),('2013s2wk13sunsetjazz','9000000646766','1383617377'),('2013s2wk13sunsetjazz','9000000811751','1383617395'),('2013s2wk13sunsetjazz','9000000728646','1383617401'),('2013s2wk13sunsetjazz','9000000641082','1383617408'),('2013s2wk13sunsetjazz','9000000657281','1383617439'),('2013s2wk13sunsetjazz','9000000664876','1383617445'),('2013s2wk13sunsetjazz','9000000924765','1383617451'),('2013s2wk13sunsetjazz','9000000910232','1383617456'),('2013s2wk13sunsetjazz','9000000737471','1383617468'),('2013s2wk13sunsetjazz','9000000937710','1383617474'),('2013s2wk13sunsetjazz','9000000744240','1383617488'),('2013s2wk13sunsetjazz','9000000752238','1383617927'),('2013s2wk13sunsetjazz','9000000862807','1383617944');

DROP TABLE IF EXISTS `clubs`;
CREATE TABLE `clubs` (
  `id` text NOT NULL,
  `name` text NOT NULL,
  `email` text NOT NULL,
  `password` text NOT NULL
) ENGINE=InnoDB DEFAULT CHARSET=latin1;

-- INSERT INTO `clubs` VALUES ('556883','Sydney University Jazz Society','contact@jazzsoc.org',NULL);

DROP TABLE IF EXISTS `clubs_members`;
CREATE TABLE `clubs_members` (
  `society` text NOT NULL,
  `user` text NOT NULL
) ENGINE=InnoDB DEFAULT CHARSET=latin1;

INSERT INTO `clubs_members` VALUES ('556883','9000000719668'),('556883','9000000875609'),('556883','9000000857742'),('556883','9000000726086'),('556883','9000000743588'),('556883','9000000641082'),('556883','9000000949577'),('556883','9000000781993'),('556883','9000000738263'),('556883','9000000933347'),('556883','9000000736825'),('556883','9000000737457'),('556883','9000000739772'),('556883','9000000712843'),('556883','9000000736054'),('556883','9000000646766'),('556883','9000000994911'),('556883','9000000744172'),('556883','9000000740846'),('556883','9000000814455'),('556883','9000000821552'),('556883','9000000744240'),('556883','9000000729803'),('556883','9000000719132'),('556883','9000000726918'),('556883','9000000856547'),('556883','9000000729971'),('556883','9000000786783'),('556883','9000000725201'),('556883','9000000735194'),('556883','9000000912809'),('556883','9000000825215'),('556883','9000000745711'),('556883','9000000729445'),('556883','9000000907874'),('556883','9000000738966'),('556883','9000000736726'),('556883','9000000741263'),('556883','9000000750944'),('556883','9000000963306'),('556883','9000000824959'),('556883','9000000735811'),('556883','9000000744943'),('556883','9000000733718'),('556883','9000000752047'),('556883','9000000750500'),('556883','9000000742697'),('556883','9000000748569'),('556883','9000000728691'),('556883','9000000813236'),('556883','9000000747135'),('556883','9000000746893'),('556883','9000000813373'),('556883','9000000925434'),('556883','9000000737471'),('556883','9000000754775'),('556883','9000000811751'),('556883','9000000739802'),('556883','9000000752153'),('556883','9000000751798'),('556883','9000000921146'),('556883','9000000743816'),('556883','9000000807174'),('556883','9000000756915'),('556883','9000000849419'),('556883','9000000791282'),('556883','9000000749825'),('556883','9000000814417'),('556883','9000000750999'),('556883','9000000753310'),('556883','9000000751903'),('556883','9000000756991'),('556883','9000000736030'),('556883','9000000823921'),('556883','9000000733435'),('556883','9000000745339'),('556883','9000000753136'),('556883','9000000949294'),('556883','9000000962583'),('556883','9000000948891'),('556883','9000000932883'),('556883','9000000869448'),('556883','9000000771284'),('556883','9000000824737'),('556883','9000000784635'),('556883','9000000809932'),('556883','9000000855359'),('556883','9000000779235'),('556883','9000000880474'),('556883','9000000773844'),('556883','9000000742024'),('556883','9000000754096'),('556883','9000000741768'),('556883','9000000972230'),('556883','9000000972568'),('556883','9000000972599'),('556883','9000000777224'),('556883','9000000725737'),('556883','9000000738287'),('556883','9000000729148'),('556883','9000000757356'),('556883','9000000860575'),('556883','9000000973022'),('556883','9000000736559'),('556883','9000000748460'),('556883','9000000974500'),('556883','9000000976115'),('556883','9000000912014'),('556883','9000000724204'),('556883','9000000975019'),('556883','9000000808522'),('556883','9000000771451'),('556883','9000000752238'),('556883','9000000995949'),('556883','9000000738560'),('556883','9000000978171'),('556883','9000000766471'),('556883','9000000973794'),('556883','9000000910232'),('556883','9000000728035'),('556883','9000000979871'),('556883','9000000975941'),('556883','9000000912410'),('556883','9000000830202'),('556883','9000000723450'),('556883','9000000756083'),('556883','9000000980433'),('556883','9000000753440'),('556883','9000000734760'),('556883','9000000774933'),('556883','9000000821842'),('556883','9000000728912'),('556883','9000000728899'),('556883','9000000969780'),('556883','9000000729285'),('556883','9000000978294'),('556883','9000000741157'),('556883','9000000978560'),('556883','9000000968578'),('556883','9000000827288'),('556883','9000000971318'),('556883','9000000962385'),('556883','9000000928404'),('556883','9000000983540'),('556883','9000000725041'),('556883','9000000757332'),('556883','9000000740143'),('556883','9000000976283'),('556883','9000000821132'),('556883','9000000863835'),('556883','9000000722309'),('556883','9000000993259'),('556883','9000000996113'),('556883','9000000937680'),('556883','9000000993877'),('556883','9000000989207'),('556883','9000000751064'),('556883','9000000751989'),('556883','9000000989214'),('556883','9000000640733'),('556883','9000000992665'),('556883','9000000816893'),('556883','9000000980297'),('556883','9000000929319'),('556883','9000000924765'),('556883','9000000993143'),('556883','9000000819283'),('556883','9000000847347'),('556883','9000000710719'),('556883','9000000823099'),('556883','9000000787599'),('556883','9000000642676'),('556883','9000000984936'),('556883','9000000980204'),('556883','9000000856271'),('556883','9000000702189'),('556883','9000000948136'),('556883','9000000860445'),('556883','9000000971165'),('556883','9000000982239'),('556883','9000000926936'),('556883','9000000778993'),('556883','9000000732070'),('556883','9000000985896'),('556883','9000000728646'),('556883','9000000986176'),('556883','9000000779310'),('556883','9000000811072'),('556883','9000000746381'),('556883','9000000746756'),('556883','9000000705654'),('556883','9000000986794'),('556883','9000000986589'),('556883','9000000986473'),('556883','9000000711433'),('556883','9000000937710'),('556883','9000000825802'),('556883','9000000861671'),('556883','9000000770737'),('556883','9000000979413'),('556883','9000000826243'),('556883','9000000727243'),('556883','9000000939509'),('556883','9000000929470'),('556883','9000000985995'),('556883','9000000722446'),('556883','9000000902428'),('556883','9000000727342'),('556883','9000000737624'),('556883','9000000730632'),('556883','9000000988941'),('556883','9000000987500'),('556883','9000000810969'),('556883','9000000729865'),('556883','9000000748088'),('556883','9000000938748'),('556883','9000000962460'),('556883','9000000725911'),('556883','9000000817456'),('556883','9000000819238'),('556883','9000000823242'),('556883','9000000917866'),('556883','9000000735545'),('556883','9000000913448'),('556883','9000000769007'),('556883','9000000952324'),('556883','9000000909977'),('556883','9000000737860'),('556883','9000000843288'),('556883','9000000750975'),('556883','9000000724464'),('556883','9000000657281'),('556883','9000000664876'),('556883','9000000733503'),('556883','9000000814554'),('556883','9000000819900'),('556883','9000000765337'),('556883','9000000920019'),('556883','9000000729209'),('556883','9000000862807'),('556883','9000000662261');

DROP TABLE IF EXISTS `members`;
CREATE TABLE `members` (
  `access` text NOT NULL,
  `first_name` text NOT NULL,
  `last_name` text NOT NULL,
  `email` text NOT NULL
) ENGINE=InnoDB DEFAULT CHARSET=latin1;

INSERT INTO `members` VALUES ('9000000719668','Joshua','Han',''),('9000000875609','Dan','Fletcher',''),('9000000857742','Luke','Liang',''),('9000000726086','James','Mackay',''),('9000000743588','Roshan','Helaluddin',''),('9000000641082','Oliver','Pestalozzi',''),('9000000949577','Dover','Dubosarsky',''),('9000000781993','Samuel','Chorazy',''),('9000000738263','Hayley','Chorazy',''),('9000000933347','Geordie','Crawford',''),('9000000736825','Max','Celentano',''),('9000000737457','Christine','Cheng',''),('9000000739772','Theresa','Dang',''),('9000000712843','Allister','Haire',''),('9000000736054','Michael','Hill',''),('9000000646766','Janna','Seeley',''),('9000000994911','Jack','Kincaid',''),('9000000744172','Vinchy','Wu',''),('9000000740846','Jonathan','Watson',''),('9000000814455','Elise','Kempler',''),('9000000821552','Madeleine','Carr',''),('9000000744240','Hubert','Demonteverde',''),('9000000729803','Jacqui','Munro',''),('9000000719132','Desiree','Gregory',''),('9000000726918','Samuel','Vallentine',''),('9000000856547','Rhys','Pogonoski',''),('9000000729971','Janet','Jin',''),('9000000786783','Tor','Baldwin',''),('9000000725201','Lily','Dobson',''),('9000000735194','Connor','Tremain',''),('9000000912809','Zerrin','Craig-Adams',''),('9000000825215','Susan','Warner',''),('9000000745711','David','Friedman',''),('9000000729445','Livya','Steigrad',''),('9000000907874','Richard','Chi',''),('9000000738966','Marc','Uhlhorn',''),('9000000736726','Bridget','Haberecht',''),('9000000741263','Eleanor','Martens',''),('9000000750944','Simon','Wong',''),('9000000963306','Yann','Pearson',''),('9000000824959','Therese','Pokorny',''),('9000000735811','Sean','Eggleston',''),('9000000744943','Audrey','King',''),('9000000733718','Anthony','Yammine',''),('9000000752047','William','Sutcliffe',''),('9000000750500','Charles','Zhang',''),('9000000742697','Ross','Davey',''),('9000000748569','Dinh-Ho','Chau',''),('9000000728691','Priya','Kunjan',''),('9000000813236','caroline','ashley',''),('9000000747135','michaela','dolk',''),('9000000746893','Ennes','Mehmedbasic',''),('9000000813373','Hugh','Bortolotti',''),('9000000925434','Ian','Ferrington',''),('9000000737471','maddie','houlbrook-walk',''),('9000000754775','Will','Rigney',''),('9000000811751','Nicholas','Robinson',''),('9000000739802','Michael','Outten',''),('9000000752153','annika','mae',''),('9000000751798','Ethan','Eruini-Bennett',''),('9000000921146','david','gereis',''),('9000000743816','Gareth','McFarlane',''),('9000000807174','Sophia','Edmonds',''),('9000000756915','herman','vasquez',''),('9000000849419','Daniel','Keserovic',''),('9000000791282','Charlie','White',''),('9000000749825','daniel','Scarratt',''),('9000000814417','Sarit','Michael',''),('9000000750999','Mark','Rapaport',''),('9000000753310','Benjamin','Samuels',''),('9000000751903','melita','savona',''),('9000000756991','Emily','Shen',''),('9000000736030','Max','Wright',''),('9000000823921','Edward','Tan',''),('9000000733435','Jason','Chen',''),('9000000745339','Simon','Alaba',''),('9000000753136','Mahiar','Mahjoub',''),('9000000949294','Natasha','Heyward',''),('9000000962583','davis','murphy',''),('9000000948891','William','Nelson',''),('9000000932883','Jedda','O\'Connor',''),('9000000869448','Alastair','Whyte',''),('9000000771284','jehan','Kanga',''),('9000000824737','Jennifer','Jones',''),('9000000784635','Cameron','Caccamo',''),('9000000809932','Oliver','Cameron',''),('9000000855359','Alexander','O\'Leary',''),('9000000779235','Isaac','Freelander',''),('9000000880474','James','Guest',''),('9000000773844','Mandy','Wang',''),('9000000742024','Ariel','Yuen',''),('9000000754096','Chenway','Liu',''),('9000000741768','Leena','Nguyen',''),('9000000972230','caroline','fung',''),('9000000972568','chris','nicolaides',''),('9000000972599','Tom','Matthews',''),('9000000777224','Joshua','Chee',''),('9000000725737','Molly','Trevaskis',''),('9000000738287','Adam','Booth',''),('9000000729148','Lucy','Anderson',''),('9000000757356','Xavier','Holt',''),('9000000860575','William','Bleads',''),('9000000973022','Adelina','Romano',''),('9000000736559','elizabeth','hung',''),('9000000748460','Jonathan','Soerjoko',''),('9000000974500','Kieran','Hanrahan',''),('9000000976115','Maria','Mellos',''),('9000000912014','Kezia','Yap',''),('9000000724204','Damien','Chung',''),('9000000975019','Liam','Scarratt',''),('9000000808522','Lucy','Mitchell',''),('9000000771451','Meg','MacCallum',''),('9000000752238','Rory','Lucas',''),('9000000995949','rosie','castle',''),('9000000738560','anna','kennedy',''),('9000000978171','Ryan','Thomas',''),('9000000766471','Meriana','Gyory',''),('9000000973794','John','Coyne',''),('9000000910232','jesse','seton',''),('9000000728035','Cat','Fisher',''),('9000000979871','Noah','Scotti',''),('9000000975941','Gerardo','Covarrubias',''),('9000000912410','Samuel','Rabin',''),('9000000830202','Anna','Colless',''),('9000000723450','Gavin','Brown',''),('9000000756083','Kim','Nguyen',''),('9000000980433','Matt','Whittard',''),('9000000753440','William','Hughes',''),('9000000734760','Philippa','Specker',''),('9000000774933','Alexandra','Downie',''),('9000000821842','Allegra','Halpern',''),('9000000728912','Michael','Isaacs',''),('9000000728899','Aleesha','Johnson',''),('9000000969780','Clara','Tan',''),('9000000729285','Jack','Joyce',''),('9000000978294','Benjamin','Herro',''),('9000000741157','Halifax','Bennett',''),('9000000978560','Matthew','Hyde',''),('9000000968578','Alex','Li-Kim-Mui',''),('9000000827288','Julia','Robins',''),('9000000971318','jessica','brown',''),('9000000962385','James','Leeder',''),('9000000928404','Christopher','Barker',''),('9000000983540','Javier','Perez Gomez de las Cortinas',''),('9000000725041','Madeleine','Bishop',''),('9000000757332','Damien','bates',''),('9000000740143','Sydney','Tang',''),('9000000976283','liana','molina',''),('9000000821132','Shaun','Gnany',''),('9000000863835','Lachlan','Butcher',''),('9000000722309','Daniel','di Marzo',''),('9000000993259','Jackson','Fitzpatrick',''),('9000000996113','Adam','Kallmeyer',''),('9000000937680','Yannick','Mackiewicz',''),('9000000993877','Matt','Fioravanti',''),('9000000989207','Ingeborg','Anthonsen',''),('9000000751064','William','Hoffman-Beitin',''),('9000000751989','Nathan','Bernfield',''),('9000000989214','Sophia','German',''),('9000000640733','Grant','Sciberras',''),('9000000992665','Tze','Huai Teh',''),('9000000816893','Rebecca','Holt',''),('9000000980297','Alexander','Polden',''),('9000000929319','Louis','Janse van Rensburg',''),('9000000924765','Tash','Livingstone',''),('9000000993143','Chelsea','Owensby',''),('9000000819283','Robbie','Barnard',''),('9000000847347','Kersandra','Begley',''),('9000000710719','Sam','Perkins',''),('9000000823099','Michael','Phung',''),('9000000787599','Peter','Fallon',''),('9000000642676','Timothy','Humphrys',''),('9000000984936','Scott','Gangemi',''),('9000000980204','Muhamed','Mehmedbasic',''),('9000000856271','Christopher','Thornett',''),('9000000702189','Sarah','King',''),('9000000948136','Aidan','Kane',''),('9000000860445','Alexandria','Janusic',''),('9000000971165','Max','Baker',''),('9000000982239','Elliott','Falzon',''),('9000000926936','Angel','Zhao',''),('9000000778993','Matthew','Killen',''),('9000000732070','Kate','Hewson',''),('9000000985896','Nantutwa','Mulenga',''),('9000000728646','Ryan','Searle',''),('9000000986176','Rupa','Ranjit',''),('9000000779310','Jessica','Lim',''),('9000000811072','Mason','White',''),('9000000746381','He','Shenjie',''),('9000000746756','Meiling','Zhang',''),('9000000705654','Daniel','Arbiv',''),('9000000986794','Ode Kang','Liu',''),('9000000986589','Jane','Meney',''),('9000000986473','Claudia','George',''),('9000000711433','Diego','Arroyo',''),('9000000937710','Wenray','Wang',''),('9000000825802','Linus','Karsai',''),('9000000861671','Brigid','Meney',''),('9000000770737','Yui','Satake',''),('9000000979413','Scott','Leslie',''),('9000000826243','Joel','Selby',''),('9000000727243','Jake','Zhang',''),('9000000939509','Max','Tucker',''),('9000000929470','Karen','Heininger',''),('9000000985995','Joycelyn','Goh',''),('9000000722446','Pietro','Vanni',''),('9000000902428','Elliot','Clark',''),('9000000727342','Patrick','Johnson',''),('9000000737624','James','Cooper-Stanbury','thatguy@jpcs.me'),('9000000730632','Zoe','Dowdell',''),('9000000988941','James','coyne',''),('9000000987500','Nick','Della Marta',''),('9000000810969','Michael','Sproul',''),('9000000729865','Charlie','Tran',''),('9000000748088','Katherine','Birkett',''),('9000000938748','Natasha','Stanton',''),('9000000962460','William','Cook',''),('9000000725911','Camila','Singhai',''),('9000000817456','Andrew','Smart',''),('9000000819238','Jeremy','Blum',''),('9000000823242','Jack','Savage',''),('9000000917866','Isabella','Martin',''),('9000000735545','Ellie','Keft',''),('9000000913448','Julian','Hollis',''),('9000000769007','Charlotte','Kench',''),('9000000952324','Leopold','Lucas',''),('9000000909977','Daniela','Ruino-Panucci',''),('9000000737860','Richard','Larue',''),('9000000843288','Rueben','Solomon',''),('9000000750975','Bonnie','O\'Donnell',''),('9000000724464','Laura','Rheinberger',''),('9000000657281','Claudia','Skinner',''),('9000000664876','Michael','Deacon',''),('9000000733503','Rebecca','Chan',''),('9000000814554','Jason','Harris',''),('9000000819900','Mark','Somerville',''),('9000000765337','Jarrod','Kennedy',''),('9000000920019','Shareeka','Helaluddin',''),('9000000729209','Elizabeth','Arrigo',''),('9000000862807','Hugh','Armstrong',''),('9000000662261','Maximilian','Kornwachs','');
